lisamurkowski,R
SenDanSullivan,R
SenShelby,R
SenTuberville,R
JohnBoozman,R
SenTomCotton,R
SenMarkKelly,D
SenatorSinema,D
SenFeinstein,D
SenAlexPadilla,D
SenatorBennet,D
SenatorHick,D
SenBlumenthal,D
ChrisMurphyCT,D
SenatorCarper,D
ChrisCoons,D
marcorubio,R
SenRickScott,R
ossoff,D
SenatorWarnock,D
maziehirono,D
SenBrianSchatz,D
SenJoniErnst,R
ChuckGrassley,R
MikeCrapo,R
SenatorRisch,R
SenDuckworth,D
SenatorDurbin,D
SenatorBraun,R
SenToddYoung,R
RogerMarshallMD,R
JerryMoran,R
LeaderMcConnell,R
RandPaul,R
SenBillCassidy,R
SenJohnKennedy,R
SenMarkey,D
SenWarren,D
SenatorCardin,D
ChrisVanHollen,D
SenatorCollins,R
SenGaryPeters,D
SenStabenow,D
SenAmyKlobuchar,D
SenTinaSmith,D
RoyBlunt,R
HawleyMO,R
SenHydeSmith,R
SenatorWicker,R
SteveDaines,R
SenatorTester,D
SenatorBurr,R
SenThomTillis,R
SenKevinCramer,R
SenJohnHoeven,R
SenatorFischer,R
SenSasse,R
SenatorHassan,D
SenatorShaheen,D
CoryBooker,D
SenatorMenendez,D
MartinHeinrich,D
SenatorLujan,D
SenCortezMasto,D
SenJackyRosen,D
SenGillibrand,D
SenSchumer,D
SenSherrodBrown,D
senrobportman,R
JimInhofe,R
SenatorLankford,R
SenJeffMerkley,D
RonWyden,D
SenBobCasey,D
SenToomey,R
SenJackReed,D
SenWhitehouse,D
LindseyGrahamSC,R
SenatorTimScott,R
SenatorRounds,R
SenJohnThune,R
MarshaBlackburn,R
SenatorHagerty,R
JohnCornyn,R
SenTedCruz,R
SenMikeLee,R
SenatorRomney,R
timkaine,D
MarkWarner,D
SenatorLeahy,D
SenSanders,D
SenatorCantwell,D
PattyMurray,D
SenatorBaldwin,D
SenRonJohnson,R
SenCapito,R
Sen_JoeManchin,D
SenJohnBarrasso,R
SenLummis,R
RepAdams,D
Robert_Aderholt,R
RepPeteAguilar,D
RepRickAllen,R
RepColinAllred,D
MarkAmodeiNV2,R
RepArmstrongND,R
RepArrington,R
RepAuchincloss,D
RepCindyAxne,D
RepBrianBabin,R
RepDonBacon,R
RepJimBaird,R
RepBalderson,R
RepJimBanks,R
RepAndyBarr,R
RepBarragan,D
RepKarenBass,D
RepBeatty,D
RepBentz,R
RepBera,D
RepJackBergman,R
RepDonBeyer,D
RepBice,R
RepAndyBiggsAZ,R
RepGusBilirakis,R
RepDanBishop,R
SanfordBishop,D
repblumenauer,D
RepLBR,D
RepBoebert,R
RepBonamici,D
RepBost,R
RepBourdeaux,D
RepBowman,D
CongBoyle,D
RepKevinBrady,R
RepMoBrooks,R
RepAnthonyBrown,D
RepShontelBrown,D
RepBrownley,D
VernBuchanan,R
RepKenBuck,R
RepLarryBucshon,R
RepTedBudd,R
RepTimBurchett,R
michaelcburgess,R
RepCori,D
RepCheri,D
GKButterfield,D
KenCalvert,R
RepKatCammack,R
RepCarbajal,D
RepCardenas,D
RepMikeCarey,R
RepJerryCarl,R
RepAndreCarson,D
RepBuddyCarter,R
JudgeCarter,R
RepTroyCarter,D
RepCartwright,D
RepEdCase,D
RepCasten,D
USRepKCastor,D
JoaquinCastrotx,D
RepCawthorn,R
RepSteveChabot,R
RepLizCheney,R
CongresswomanSC,D
RepJudyChu,D
davidcicilline,D
RepCicilline,D
RepKClark,D
RepYvetteClarke,D
repcleaver,D
RepBenCline,R
RepCloudTX,R
WhipClyburn,D
Rep_Clyde,R
RepCohen,D
TomColeOK04,R
RepJamesComer,R
RepConnieConway,R
GerryConnolly,D
repjimcooper,D
RepLouCorrea,D
RepJimCosta,D
RepJoeCourtney,D
RepAngieCraig,D
RepRickCrawford,R
RepDanCrenshaw,R
CharlieCrist,D
RepJasonCrow,D
RepCuellar,D
RepJohnCurtis,R
RepDavids,D
WarrenDavidson,R
RepDannyDavis,D
RodneyDavis,R
RepDean,D
RepPeterDeFazio,D
RepDianaDeGette,D
rosadelauro,D
RepDelBene,D
RepValDemings,D
RepDeSaulnier,D
DesJarlaisTN04,R
RepTedDeutch,D
MarioDB,R
RepDebDingell,D
RepLloydDoggett,D
RepDonaldsPress,R
USRepMikeDoyle,D
RepJeffDuncan,R
DrNealDunnFL2,R
RepEllzey,R
RepTomEmmer,R
RepEscobar,D
RepAnnaEshoo,D
RepEspaillat,D
RepRonEstes,R
RepDwightEvans,D
RepPatFallon,R
RepFeenstra,R
RepDrewFerguson,R
repfinstad,R
RepFischbach,R
RepFitzgerald,R
RepBrianFitz,R
RepChuck,R
RepFletcher,D
USRepMikeFlood,R
repmayraflores,R
RepBillFoster,D
virginiafoxx,R
RepLoisFrankel,D
RepFranklin,R
RepRussFulcher,R
RepMattGaetz,R
RepGallagher,R
RepRubenGallego,D
RepGaramendi,D
RepGarbarino,R
RepMikeGarcia,R
RepSylviaGarcia,D
RepChuyGarcia,D
RepCarlos,R
replouiegohmert,R
RepGolden,D
RepJimmyGomez,D
RepTonyGonzales,R
SenGonzalez33,D
RepJenniffer,R
RepBobGood,R
RepGosar,R
RepJoshG,D
RepKayGranger,R
RepGarretGraves,R
RepSamGraves,R
RepAlGreen,D
RepMarkGreen,R
RepMTG,R
RepMGriffith,R
RepRaulGrijalva,D
RepGrothman,R
RepMichaelGuest,R
RepGuthrie,R
RepHagedorn,R
RepJoshHarder,D
RepAndyHarrisMD,R
RepHarshbarger,R
RepHartzler,R
RepJahanaHayes,D
repkevinhern,R
RepHerrell,R
HerreraBeutler,R
CongressmanHice,R
RepBrianHiggins,D
RepClayHiggins,R
RepFrenchHill,R
RepAshleyHinson,R
RepTrey,R
RepHorsford,D
RepHoulahan,D
LeaderHoyer,D
RepRichHudson,R
RepHuffman,D
RepHuizenga,R
repdarrellissa,R
RepRonnyJackson,R
JacksonLeeTX18,D
RepJacobs,R
RepSaraJacobs,D
RepJayapal,D
RepJeffries,D
RepBillJohnson,R
RepDustyJohnson,R
RepEBJ,D
RepHankJohnson,D
RepMikeJohnson,R
RepMondaire,D
Jim_Jordan,R
RepDaveJoyce,R
RepJohnJoyce,R
RepKahele,D
RepMarcyKaptur,D
RepJohnKatko,R
USRepKeating,D
RepFredKeller,R
MikeKellyPA,R
RepRobinKelly,D
RepTrentKelly,R
RepRoKhanna,D
RepDanKildee,D
RepDerekKilmer,D
RepAndyKimNJ,D
RepYoungKim,R
RepRonKind,D
RepKinzinger,R
RepKirkpatrick,D
CongressmanRaja,D
RepAnnieKuster,D
RepDavidKustoff,R
RepLaHood,R
RepLaMalfa,R
ConorLambPA,D
RepDLamborn,R
JimLangevin,D
RepRickLarsen,D
RepJohnLarson,D
boblatta,R
RepLaTurner,R
RepLawrence,D
AlLawsonJr,D
RepBarbaraLee,D
RepSusieLee,D
RepTeresaLF,D
RepDLesko,R
repjulialetlow,R
RepAndyLevin,D
RepMikeLevin,D
RepTedLieu,D
RepZoeLofgren,D
auctnr1,R
RepLoudermilk,R
RepLowenthal,D
RepFrankLucas,R
RepBlaine,R
RepElaineLuria,D
RepStephenLynch,D
RepNancyMace,R
RepMalinowski,D
RepMalliotakis,R
RepMaloney,D
RepSeanMaloney,D
RepMann,R
RepKManning,D
RepThomasMassie,R
RepBrianMast,R
DorisMatsui,D
RepLucyMcBath,D
GOPLeader,R
RepMcCaul,R
RepLisaMcClain,R
RepMcClintock,R
BettyMcCollum04,D
RepMcEachin,D
RepMcGovern,D
PatrickMcHenry,R
RepMcKinley,R
RepMcNerney,D
RepGregoryMeeks,D
RepMeijer,R
RepGraceMeng,D
RepMeuser,R
RepKweisiMfume,D
RepCarolMiller,R
RepMaryMiller,R
RepMMM,R
RepMoolenaar,R
RepAlexMooney,R
RepBarryMoore,R
RepBlakeMoore,R
RepGwenMoore,D
RepJoeMorelle,D
sethmoulton,D
RepMrvan,D
RepMullin,R
RepGregMurphy,R
RepStephMurphy,D
RepJerryNadler,D
gracenapolitano,D
RepRichardNeal,D
RepJoeNeguse,D
RepTroyNehls,R
RepNewhouse,R
RepMarieNewman,D
DonaldNorcross,D
RepRalphNorman,R
EleanorNorton,D
RepDevinNunes,R
JayObernolte,R
RepAOC,D
RepOHalleran,D
Ilhan,D
RepBurgessOwens,R
CongPalazzo,R
FrankPallone,D
USRepGaryPalmer,R
RepJimmyPanetta,D
RepChrisPappas,D
BillPascrell,D
RepDonaldPayne,D
SpeakerPelosi,D
TBD,D
RepGregPence,R
RepPerlmutter,D
RepScottPerry,R
RepScottPeters,D
RepPfluger,R
RepDeanPhillips,D
chelliepingree,D
StaceyPlaskett,D
repmarkpocan,D
RepKatiePorter,D
congbillposey,R
RepPressley,D
RepDavidEPrice,D
RepMikeQuigley,D
RepAmata,R
RepRaskin,D
GReschenthaler,R
RepKathleenRice,D
cathymcmorris,R
RepHalRogers,R
RepMikeRogersAL,R
RepJohnRose,R
RepRosendale,R
RepDeborahRoss,D
RepDavidRouzer,R
RepChipRoy,R
RepRoybalAllard,D
RepRaulRuizMD,D
Call_Me_Dutch,D
RepBobbyRush,D
RepRutherfordFL,R
RepPatRyanNY,D
RepTimRyan,D
Kilili_Sablan,D
RepMariaSalazar,R
GuamCongressman,D
RepLindaSanchez,D
RepSarbanes,D
SteveScalise,R
RepMGS,D
RepSchakowsky,D
RepAdamSchiff,D
RepSchneider,D
RepSchrader,D
RepKimSchrier,D
RepDavid,R
AustinScottGA08,R
repdavidscott,D
BobbyScott,D
JoeSempo,R
PeteSessions,R
RepTerriSewell,D
BradSherman,D
RepSherrill,D
CongMikeSimpson,R
RepSires,D
RepSlotkin,D
RepAdamSmith,D
RepAdrianSmith,R
RepJasonSmith,R
RepSmucker,R
RepDarrenSoto,D
RepSpanberger,D
RepSpartz,R
RepSpeier,D
Rep_Stansbury,D
RepGregStanton,D
RepPeteStauber,R
RepSteel,R
RepStefanik,R
RepBryanSteil,R
RepGregSteube,R
RepHaleyStevens,D
RepChrisStewart,R
RepStricklandWA,D
RepTomSuozzi,D
RepSwalwell,D
RepMarkTakano,D
RepVanTaylor,R
RepTenney,R
BennieGThompson,D
CongressmanGT,R
RepThompson,D
RepTiffany,R
RepTimmons,R
repdinatitus,D
RepRashida,D
RepPaulTonko,D
NormaJTorres,D
RepRitchie,D
RepLoriTrahan,D
RepDavidTrone,D
RepMikeTurner,R
RepUnderwood,D
RepFredUpton,R
RepDavidValadao,R
RepBethVanDuyne,R
RepJuanVargas,D
RepVeasey,D
NydiaVelazquez,D
RepAnnWagner,R
RepWalberg,R
RepWalorski,R
RepWaltzPress,R
RepDWStweets,D
RepMaxineWaters,D
RepBonnie,D
TXRandy14,R
RepWebster,R
PeterWelch,D
RepBradWenstrup,R
RepWesterman,R
RepWexton,D
RepSusanWild,D
RepNikema,D
RepRWilliams,R
RepWilson,D
RepJoeWilson,R
RobWittman,R
rep_stevewomack,R
RepJohnYarmuth,D
RepLeeZeldin,R
