lisamurkowski,R
SenMarkKelly,D
SenatorMarshall,R
SenatorCollins,R
SenJohnHoeven,R
SenCortezMasto,D
SenJackyRosen,D
JohnCornyn,R
RepCindyAxne,D
SanfordBishop,D
RepAnthonyBrown,D
RepCheri,D
RepTroyCarter,D
RepCartwright,D
RepEdCase,D
USRepKCastor,D
RepCharlieCrist,D
RepDavids,D
RepJenniffer,R
RepBobGood,R
RepGosar,R
RepGrothman,R
RepAndyHarrisMD,R
CongressmanHice,R
RepHorsford,D
RepConorLamb,D
RepAlLawsonJr,D
RepSusieLee,D
RepElaineLuria,D
RepKManning,D
RepMeijer,R
RepMrvan,D
RepJerryNadler,D
TBD,D
RepMikeRogersAL,R
PeteSessions,R
RepDarrenSoto,D
RepSusanWild,D
IngrahamAngle,R
FrankLuntz,R
CHSommers,R
KenCalvert,R
RepKatCammack,R
RepCarbajal,D
RepCardenas,D
RepMikeCarey,R
RepJerryCarl,R
RepAndreCarson,D
RepBuddyCarter,R
JudgeCarter,R
RepCasten,D
JoaquinCastrotx,D
RepCawthorn,R
RepSteveChabot,R
RepJudyChu,D
davidcicilline,D
RepCicilline,D
RepKClark,D
RepYvetteClarke,D
repcleaver,D
RepBenCline,R
RepCloudTX,R
WhipClyburn,D
Rep_Clyde,R
RepCohen,D
TomColeOK04,R
RepJamesComer,R
RepConnieConway,R
GerryConnolly,D
repjimcooper,D
RepLouCorrea,D
RepJimCosta,D
RepJoeCourtney,D
RepAngieCraig,D
RepRickCrawford,R
GretaThunberg,D
BarackObama,D
benshapiro,R
GovRonDeSantis,R
RepGregStanton,R
